mutation,site_SARS2,wildtype,mutant,validated_neut_2165,validated_neut_2832,validated_neut_2479,validated_neut_2082,validated_CR3022_bind
K378N,378,K,N,FALSE,FALSE,FALSE,TRUE,TRUE
V382Y,382,V,Y,FALSE,FALSE,FALSE,FALSE,TRUE
F392A,392,F,A,FALSE,FALSE,FALSE,TRUE,TRUE
K417E,417,K,E,FALSE,FALSE,FALSE,TRUE,TRUE
D420R,420,D,R,TRUE,FALSE,FALSE,FALSE,FALSE
A475V,475,A,V,TRUE,FALSE,FALSE,FALSE,FALSE
E484V,484,E,V,FALSE,TRUE,TRUE,FALSE,FALSE
F486A,486,F,A,TRUE,TRUE,TRUE,FALSE,FALSE
F490K,490,F,K,FALSE,TRUE,TRUE,FALSE,FALSE
N487R,487,N,R,TRUE,TRUE,TRUE,FALSE,FALSE